{"0": 0.9783080220222473, "1": 0.7354685664176941, "2": 0.7542120814323425, "3": 1.0, "4": 1.0, "5": 0.9939879775047302, "6": 0.4444444477558136, "7": 0.8899999856948853, "8": 0.9599999785423279, "9": 0.4576271176338196}