{"0": 0.6353840860792594, "1": -0.30432552797552104, "2": -0.4877016839202397, "3": -0.10977859071623897, "4": 0.9632637878541574, "5": 0.5054440799411297, "6": 0.43858838407564926, "7": -0.3771685585114315, "8": 0.11720341957536484, "9": -0.2609938673844123}