{"0": 0.7985739707946777, "1": 0.9612902998924255}