People	CPU	CUDA
5	5.1684818983078	0.185601079463959
10	8.86286989450455	0.373884391784668
15	15	0.561955964565277
