{"2": 0.9677419066429138, "3": 1.0, "4": 0.9516728520393372, "5": 0.9045093059539795, "6": 0.6330097317695618, "7": 0.8825503587722778, "8": 0.9435897469520569, "9": 0.6455696225166321}